,VIX
2015-02-09,0.2778286173181711
2015-02-10,0.28166590184939083
2015-02-11,0.2563946567812113
2015-02-12,0.2462191659367968
2015-02-13,0.22219307046917963
2015-02-16,0.2306712293386667
2015-02-17,0.22218519147936455
2015-02-25,0.2342940003027791
2015-02-26,0.2350704931785188
2015-02-27,0.2480915522798491
2015-03-02,0.2587245536180879
2015-03-03,0.25445453872884854
2015-03-04,0.2467310689585673
2015-03-05,0.24234947822431713
2015-03-06,0.2436327581206127
2015-03-09,0.25009701506677096
2015-03-10,0.23307486519984916
2015-03-11,0.22943924110126282
2015-03-12,0.2331929409259949
2015-03-13,0.22393518623241404
2015-03-16,0.21949128976364668
2015-03-17,0.22916024145697914
2015-03-18,0.23617188728149724
2015-03-19,0.2578949285635053
2015-03-20,0.24375885416203272
2015-03-23,0.2594131669681006
2015-03-24,0.2876442188535465
2015-03-25,0.2749202771334818
2015-03-26,0.26613259201984685
2015-03-27,0.26701621748660426
2015-03-30,0.25161320748913524
2015-03-31,0.2748965270273255
2015-04-01,0.2745298972091151
2015-04-02,0.2973696995627984
2015-04-03,0.28426669385749015
2015-04-07,0.26661284355939713
2015-04-08,0.29873198818083224
2015-04-09,0.32513735159059437
2015-04-10,0.3090212500597467
2015-04-13,0.33985095746105687
2015-04-14,0.36883332727469786
2015-04-15,0.3885991660931431
2015-04-16,0.36868026797170483
2015-04-17,0.3891130195094528
2015-04-20,0.45410025683259375
2015-04-21,0.4437984639933929
2015-04-22,0.40756388305285896
2015-04-23,0.41058736028903287
2015-04-24,0.42535085026517366
2015-04-27,0.4041806321562825
2015-04-28,0.4211121074791018
2015-04-29,0.4198928152987783
2015-04-30,0.42099842760403455
2015-05-04,0.4180358528750573
2015-05-05,0.41248848411109695
2015-05-06,0.4211938797425752
2015-05-07,0.4300190676908651
2015-05-08,0.4247926094402993
2015-05-11,0.4142338098478237
2015-05-12,0.41593344366811386
2015-05-13,0.4288675535517487
2015-05-14,0.41686801715554944
2015-05-15,0.3701919429026727
2015-05-18,0.341195041867756
2015-05-19,0.35968601816340967
2015-05-20,0.39307885526703396
2015-05-21,0.39066967559737326
2015-05-22,0.393642978398016
2015-05-25,0.409712497864483
2015-05-26,0.4138837291539842
2015-05-27,0.4268212361032097
2015-05-28,0.4334134267918184
2015-05-29,0.4377055520161182
2015-06-01,0.422195750506939
2015-06-02,0.4331314650316329
2015-06-03,0.43446768314667167
2015-06-04,0.4269921189826521
2015-06-05,0.42552911419442735
2015-06-08,0.38599584256576447
2015-06-09,0.43403754729430644
2015-06-10,0.4434021152849166
2015-06-11,0.45376600667899786
2015-06-12,0.45292283158938806
2015-06-15,0.4429532299068065
2015-06-16,0.44039013118246917
2015-06-17,0.4321749633341122
2015-06-18,0.44673391526701045
2015-06-19,0.4276614302221038
2015-06-23,0.48477281999098193
2015-06-24,0.4865769292556283
2015-06-25,0.43437567404894517
2015-06-29,0.5717993421000247
2015-06-30,0.5654198153971448
2015-07-01,0.5362517361309969
2015-07-02,0.5491167699993122
2015-07-03,0.5199226954294724
2015-07-06,0.5682231308269443
2015-07-07,0.5212274927915255
2015-07-09,0.5223127551788265
2015-07-10,0.5121977627826325
2015-07-13,0.5042826791224152
2015-07-14,0.4663535525725425
2015-07-15,0.36054249244904996
2015-07-16,0.33582148173206305
2015-07-17,0.3106274853966073
2015-07-20,0.3421095372036251
2015-07-21,0.35546227230138366
2015-07-22,0.3133226126815756
2015-07-23,0.30218297584651854
2015-07-24,0.2990336940416501
2015-07-28,0.36341605235781277
2015-07-29,0.38657754256054516
2015-07-31,0.3707884808238338
2015-08-03,0.37648813213000815
2015-08-04,0.3748088799883598
2015-08-05,0.3756268712884225
2015-08-06,0.3874332681421737
2015-08-07,0.3823541354116947
2015-08-10,0.38275736447215
2015-08-11,0.3768563863466607
2015-08-12,0.37257370223017755
2015-08-13,0.3701256484121944
2015-08-14,0.3735717196427521
2015-08-17,0.3724662384904279
2015-08-18,0.34130867680414606
2015-08-19,0.36323933999822366
2015-08-26,0.5941601215377518
2015-08-27,0.5701703245457037
2015-08-28,0.5755219208119723
2015-08-31,0.587017187088244
2015-09-01,0.5975454653065126
2015-09-02,0.5695049094154054
2015-09-07,0.5563998404750641
2015-09-08,0.44797738094186246
2015-09-09,0.42664110198428673
2015-09-10,0.3928648991480416
2015-09-11,0.38157178077352666
2015-09-14,0.39555008985952433
2015-09-15,0.42045870528633855
2015-09-16,0.354083549346733
2015-09-17,0.351517432593014
2015-09-18,0.3598626547013765
2015-09-21,0.36385104510210087
2015-09-22,0.3294781105641233
2015-09-23,0.36301380333501476
2015-09-24,0.3677222524106506
2015-09-25,0.33676250758218335
2015-09-28,0.29960918217450805
2015-09-29,0.2892960083368237
2015-09-30,0.27885121852972816
2015-10-08,0.28543620632373934
2015-10-09,0.2725051905772147
2015-10-12,0.26279186078788713
2015-10-13,0.28842553034405033
2015-10-14,0.2900133105616771
2015-10-15,0.27089177047503876
2015-10-16,0.2682709934130585
2015-10-19,0.2738303787418272
2015-10-20,0.2803851228940533
2015-10-21,0.27506408533984117
2015-10-22,0.2825044625263929
2015-10-23,0.2653306043930672
2015-10-26,0.29372071684665735
2015-10-27,0.2793005618007028
2015-10-28,0.2893677032626934
2015-10-29,0.2904778740470276
2015-10-30,0.26976864499073466
2015-11-02,0.2704909465603306
2015-11-03,0.27436465351547934
2015-11-04,0.27129018512155323
2015-11-05,0.2943023281146684
2015-11-06,0.30010048170040926
2015-11-09,0.39397512455173783
2015-11-10,0.4048024264524191
2015-11-11,0.376685887891565
2015-11-12,0.36112489115756946
2015-11-13,0.35647006679401566
2015-11-16,0.3615907835670998
2015-11-17,0.3535197277851434
2015-11-18,0.35078863279751715
2015-11-19,0.34512303307923475
2015-11-20,0.3207399648407745
2015-11-23,0.306638362761697
2015-11-24,0.29228379525943043
2015-11-25,0.3000263048905659
2015-11-26,0.2736075862861173
2015-11-30,0.3166070735036596
2015-12-01,0.3119391841692502
2015-12-02,0.2981685632886148
2015-12-03,0.3024269247280367
2015-12-04,0.29931561323577244
2015-12-07,0.2887064688204514
2015-12-08,0.29000927092386436
2015-12-09,0.2832995681216602
2015-12-10,0.2828931947211963
2015-12-11,0.2825322725545854
2015-12-14,0.283929962708907
2015-12-15,0.27485444392994807
2015-12-16,0.2118116577143493
2015-12-17,0.2099558789169511
2015-12-18,0.17370028123309614
2015-12-21,0.2045086444672645
2015-12-22,0.23117366062139866
2015-12-23,0.24092696935271443
2015-12-24,0.25848253556357514
2015-12-25,0.24855950943538152
2015-12-29,0.24570741805102633
2015-12-30,0.24625889928184178
2015-12-31,0.250551694400501
2016-01-05,0.29130215703350854
2016-01-06,0.28895684952369094
2016-01-08,0.320308842002683
2016-01-12,0.3239571697097308
2016-01-13,0.31471259495708526
2016-01-14,0.34264164393385943
2016-01-15,0.3201793676486379
2016-01-18,0.3411470642731007
2016-01-19,0.3452612812906575
2016-01-20,0.33094767444326556
2016-01-21,0.2978702886144691
2016-01-22,0.3086685767639863
2016-01-25,0.3140238592909272
2016-01-27,0.3531638470440406
2016-01-28,0.3382498351301545
2016-01-29,0.35142885378055116
2016-02-01,0.3291915481280504
2016-02-02,0.32017539210958496
2016-02-03,0.3220911267385542
2016-02-04,0.3158908560070007
2016-02-05,0.3219897425077913
2016-02-15,0.34006966664449895
2016-02-16,0.33337041142871554
2016-02-17,0.3306666721795234
2016-02-18,0.30834712710650175
2016-02-19,0.2962225198824716
2016-02-22,0.2821384789574769
2016-02-23,0.2909812598733819
2016-02-24,0.2924199955991276
2016-02-26,0.2945681583934121
2016-02-29,0.28905535941652016
2016-03-01,0.28117692385997856
2016-03-02,0.2969549255865348
2016-03-03,0.3000723982332233
2016-03-04,0.29915659344876094
2016-03-07,0.3134469614737969
2016-03-08,0.309566388665057
2016-03-09,0.30763485484742153
2016-03-10,0.30379633915969456
2016-03-11,0.30297813801601714
2016-03-14,0.3069127385401857
2016-03-15,0.30165077859511413
2016-03-16,0.2720503975865117
2016-03-17,0.27563914396903144
2016-03-18,0.2772543527113793
2016-03-21,0.28275875592797384
2016-03-22,0.3021105960087211
2016-03-23,0.31139430886840885
2016-03-24,0.31903216665968204
2016-03-25,0.2965687646843277
2016-03-28,0.27840512215277513
2016-03-29,0.28001453817090605
2016-03-30,0.27380681613246766
2016-03-31,0.277413038821996
2016-04-01,0.27297196917711614
2016-04-05,0.2691307764944919
2016-04-06,0.26723012088466336
2016-04-07,0.26136891932956713
2016-04-08,0.24560890663051993
2016-04-11,0.25051567899514
2016-04-12,0.24185679240126626
2016-04-13,0.23248801316019116
2016-04-14,0.23005970164657552
2016-04-15,0.23027084808939377
2016-04-18,0.22902570842728165
2016-04-19,0.2222104687342479
2016-04-20,0.21360476075929752
2016-04-21,0.22085023176512958
2016-04-22,0.22487322608786706
2016-04-25,0.22662595268813232
2016-04-26,0.23442054100059403
2016-04-27,0.22817436059241886
2016-04-28,0.2171228614421041
2016-04-29,0.20662316777816367
2016-05-03,0.20888444106404022
2016-05-04,0.21339289718181317
2016-05-05,0.20953884526597627
2016-05-06,0.20890497986830758
2016-05-09,0.22965049972450916
2016-05-10,0.2184785438291115
2016-05-11,0.20443803336020036
2016-05-12,0.20542371274653254
2016-05-13,0.1986356422719209
2016-05-16,0.19600123416323478
2016-05-17,0.19102856637235985
2016-05-18,0.19469525224292175
2016-05-19,0.1843297972111035
2016-05-20,0.17490135147606548
2016-05-23,0.16893096660866272
2016-05-24,0.16582975912031986
2016-05-25,0.1728608558676015
2016-05-26,0.1580365884391067
2016-05-27,0.1530932787685144
2016-05-30,0.15937235498461494
2016-05-31,0.18425757274566673
2016-06-01,0.1917272267775934
2016-06-02,0.18797338021655913
2016-06-03,0.18406633390943025
2016-06-06,0.1903916996324491
2016-06-07,0.19093708317203967
2016-06-08,0.18844396102699995
2016-06-13,0.19495688668609
2016-06-14,0.19900617102827647
2016-06-15,0.16693347018077506
2016-06-16,0.15951494993411255
2016-06-17,0.16297028642118436
2016-06-20,0.1838754767832887
2016-06-21,0.18333732978777684
2016-06-22,0.16398233441476814
2016-06-23,0.17776745044033104
2016-06-24,0.18991328300861002
2016-06-27,0.17270656294504097
2016-06-28,0.16388938002614506
2016-06-29,0.1640007418843303
2016-06-30,0.16410403081658304
2016-07-01,0.16287173237616004
2016-07-04,0.15213049382801624
2016-07-05,0.15981974657906822
2016-07-06,0.15883273866956402
2016-07-07,0.1665685919434966
2016-07-08,0.16399049177285324
2016-07-11,0.1674691275217878
2016-07-12,0.16266380626652002
2016-07-13,0.17618691057004465
2016-07-14,0.17342619630569708
2016-07-15,0.17615862930437223
2016-07-18,0.17793962565326105
2016-07-19,0.1733618625549951
2016-07-20,0.17024775661008149
2016-07-21,0.17217294392083748
2016-07-22,0.17155940515012227
2016-07-25,0.1892663919063672
2016-07-26,0.16749219318441785
2016-07-27,0.1902325285005609
2016-07-28,0.15962785399939122
2016-07-29,0.16179544620180414
2016-08-01,0.17029624186304512
2016-08-02,0.16568614361086473
2016-08-03,0.15895273764839002
2016-08-04,0.1547084598173198
2016-08-05,0.15852839294010737
2016-08-08,0.14416055175358264
2016-08-09,0.13799129211386735
2016-08-10,0.13818826899435763
2016-08-11,0.14050052432776666
2016-08-12,0.1399248743875538
2016-08-15,0.1691345880169353
2016-08-16,0.16428834360338607
2016-08-17,0.17256016149277154
2016-08-18,0.19500907581981541
2016-08-19,0.17663266988844833
2016-08-22,0.18454987593399846
2016-08-23,0.18039472150213862
2016-08-24,0.17411578684636467
2016-08-25,0.17784149927263485
2016-08-26,0.1732459178016224
2016-08-29,0.17309075635929685
2016-08-30,0.17450263817120526
2016-08-31,0.18341212379061292
2016-09-01,0.1759483212639158
2016-09-02,0.17636766736807735
2016-09-05,0.17881192840305363
2016-09-06,0.18242193921227623
2016-09-07,0.18366877948633434
2016-09-08,0.17958110003220132
2016-09-09,0.16451051901539054
2016-09-12,0.1721700520876677
2016-09-13,0.15975244536305505
2016-09-14,0.1504586732929585
2016-09-19,0.1562890763477886
2016-09-20,0.15037906198859038
2016-09-21,0.14730142961525905
2016-09-22,0.12732472263024228
2016-09-23,0.14686115843801062
2016-09-26,0.13367905002479252
2016-09-27,0.1390924664547545
2016-09-28,0.13708501200798892
2016-09-29,0.13111299699808257
2016-09-30,0.14393749144743975
2016-10-10,0.1383790753314141
2016-10-11,0.13173645709329254
2016-10-12,0.13284207728196826
2016-10-13,0.13046202172614027
2016-10-14,0.12296864356632209
2016-10-17,0.13820238989983147
2016-10-18,0.12478427656462773
2016-10-19,0.12569784066242634
2016-10-20,0.12325934916276916
2016-10-21,0.13224735244446634
2016-10-24,0.1304686126372168
2016-10-25,0.13313017230933313
2016-10-26,0.1357837666599805
2016-10-27,0.13346618659960238
2016-10-28,0.13472381323765834
2016-10-31,0.1397768058504028
2016-11-01,0.13609928727964737
2016-11-02,0.159552886085043
2016-11-03,0.14986872935036955
2016-11-04,0.1507048002686038
2016-11-07,0.16323648798665158
2016-11-08,0.16613830871219623
2016-11-09,0.15519214249602595
2016-11-10,0.15338366950384957
2016-11-11,0.13717623490325362
2016-11-14,0.14366259303232376
2016-11-15,0.14326702343478784
2016-11-16,0.14018251435485224
2016-11-17,0.136176306109113
2016-11-18,0.13200939628866426
2016-11-21,0.13502757149464673
2016-11-22,0.15631991869134362
2016-11-23,0.14056542278149436
2016-11-24,0.14025205278747477
2016-11-25,0.15344003747842144
2016-11-28,0.1565442526265597
2016-11-29,0.16951312064326
2016-11-30,0.16383270758430438
2016-12-01,0.16603197675272388
2016-12-02,0.15955323821638642
2016-12-05,0.16279815983889045
2016-12-06,0.15588857670591336
2016-12-07,0.15359472104017655
2016-12-08,0.1434311450566582
2016-12-09,0.14261514471206224
2016-12-12,0.16127955628249646
2016-12-13,0.1547898965484483
2016-12-14,0.1550006558038316
2016-12-15,0.1641947294178301
2016-12-16,0.1636562063303447
2016-12-19,0.17257690141448076
2016-12-20,0.1751694581583948
2016-12-21,0.18021504472471137
2016-12-22,0.17746249443884893
2016-12-23,0.1637990633592502
2016-12-26,0.18218445051344684
2016-12-27,0.18391293316993756
2016-12-28,0.17801127193407895
2016-12-29,0.17170249495876344
2016-12-30,0.17478395295358842
2017-01-03,0.15755675535423797
2017-01-04,0.14877704672496955
2017-01-05,0.1478994153426197
2017-01-06,0.14366438178560936
2017-01-09,0.14129928294629163
2017-01-10,0.13688471227448548
2017-01-11,0.1373600116782413
2017-01-12,0.14855011973883836
2017-01-13,0.1316570511216635
2017-01-16,0.13547100069687357
2017-01-17,0.12657233443163116
2017-01-18,0.12654066019955276
2017-01-19,0.12368101442052473
2017-01-20,0.11045505437645264
2017-01-23,0.11611511241748373
2017-01-24,0.11501050506700519
2017-01-25,0.11150970852903956
2017-01-26,0.11277963099759536
2017-02-03,0.13372696147357854
2017-02-06,0.13496582308370583
2017-02-07,0.1355256207207278
2017-02-08,0.13634209354224086
2017-02-09,0.12449291966207499
2017-02-10,0.12392655657587062
2017-02-13,0.12462890754032253
2017-02-14,0.1160676910296199
2017-02-15,0.11171974543349988
2017-02-16,0.11621944744087068
2017-02-17,0.11559195876005893
2017-02-20,0.14294892501872733
2017-02-21,0.14277415174100075
2017-02-22,0.14251746606034207
2017-02-23,0.12665025723153853
2017-02-24,0.1274955403746353
2017-02-27,0.12071985202059696
2017-02-28,0.12047057079013326
2017-03-01,0.11825408625757887
2017-03-02,0.11960025989843358
2017-03-03,0.1347444168963559
2017-03-06,0.12452292404271387
2017-03-07,0.11553846529056512
2017-03-08,0.10714318341690024
2017-03-09,0.11924090515061501
2017-03-10,0.11230167083583241
2017-03-13,0.1056070223988393
2017-03-14,0.1201020047513937
2017-03-15,0.12423670295500042
2017-03-16,0.09065948318063112
2017-03-17,0.10590828292141016
2017-03-20,0.11695920299303791
2017-03-21,0.09671426493371871
2017-03-22,0.10703341101667763
2017-03-23,0.1122889435023033
2017-03-24,0.09247622044803458
2017-03-27,0.09923230938088093
2017-03-28,0.10073181140093956
2017-03-29,0.09837694477822423
2017-03-30,0.12441953640131641
2017-03-31,0.0933336803049606
2017-04-05,0.10779884253676468
2017-04-06,0.10642623436820196
2017-04-07,0.10461450176618768
2017-04-10,0.10276311484111202
2017-04-11,0.10187769081957808
2017-04-12,0.09743181284177865
2017-04-13,0.09759504488265607
2017-04-14,0.10298239359246943
2017-04-17,0.10046274817319699
2017-04-18,0.11723417543829978
2017-04-19,0.10283389637770221
2017-04-20,0.10504255691943915
2017-04-21,0.10750115071256057
2017-04-24,0.10717812491573006
2017-04-25,0.1094221590244711
2017-04-26,0.1067878991468739
2017-04-27,0.11073922368238044
2017-04-28,0.10667212994715218
2017-05-02,0.10153969851482661
2017-05-03,0.09536116960027957
2017-05-04,0.08995178641556889
2017-05-05,0.09001179187287976
2017-05-08,0.09104838067973361
2017-05-09,0.08783859336650619
2017-05-10,0.08547695155042676
2017-05-11,0.0966464908287172
2017-05-12,0.08441909870205763
2017-05-15,0.08765037125746747
2017-05-16,0.08888340215968331
2017-05-17,0.08593278806021326
2017-05-18,0.08748405861648537
2017-05-19,0.08892760359623057
2017-05-22,0.08741110073163533
2017-05-23,0.11217913797867206
2017-05-24,0.11292274649749903
2017-05-25,0.12472155605129273
2017-05-26,0.10642197019200286
2017-05-31,0.12215598808264751
2017-06-01,0.13611437986982214
2017-06-02,0.12727681455431694
2017-06-05,0.13804222432172047
2017-06-06,0.12276250259856324
2017-06-07,0.1411478356119366
2017-06-08,0.14103093104493036
2017-06-09,0.14901069605924355
2017-06-12,0.15268805306546782
2017-06-13,0.1490743170725637
2017-06-14,0.14962408735622418
2017-06-15,0.13768776491397858
2017-06-16,0.13041349386364787
2017-06-19,0.14885999961736238
2017-06-20,0.1469047580684471
2017-06-21,0.13319080336552866
2017-06-22,0.13793927631420247
2017-06-23,0.1487488577340154
2017-06-26,0.15296107069929102
2017-06-27,0.14673235054261555
2017-06-28,0.16242508387070664
2017-06-29,0.14278624435807571
2017-06-30,0.14253996162811333
2017-07-03,0.14931521575401363
2017-07-04,0.13001971141872945
2017-07-05,0.14038838439623968
2017-07-06,0.13651837252471197
2017-07-07,0.1368789398268102
2017-07-10,0.1383150415046263
2017-07-11,0.13654553022328667
2017-07-12,0.15828895813806357
2017-07-13,0.15103969031541872
2017-07-14,0.15613588131822853
2017-07-17,0.17335251546983557
2017-07-18,0.1678263955686592
2017-07-19,0.15841685218138696
2017-07-20,0.17134609902981607
2017-07-21,0.16534166191022182
2017-07-24,0.15558852908748141
2017-07-25,0.16072898102560498
2017-07-26,0.16163649386180848
2017-07-27,0.1618181452612976
2017-07-28,0.16152377564787923
2017-07-31,0.16498726901623326
2017-08-01,0.15544710654810082
2017-08-02,0.15463083275364764
2017-08-03,0.16010483536784711
2017-08-04,0.15202473681300968
2017-08-07,0.1590849423603613
2017-08-08,0.15672943315241458
2017-08-09,0.14158885326196302
2017-08-10,0.13525977055350083
2017-08-11,0.14497198267040065
2017-08-14,0.14930493759456157
2017-08-15,0.13888631357106598
2017-08-16,0.1497703428516896
2017-08-17,0.1356438373467729
2017-08-18,0.13383972492311413
2017-08-21,0.12923072510327355
2017-08-22,0.13579184062589997
2017-08-23,0.12875410316445704
2017-08-24,0.1312565705908309
2017-08-25,0.1415610712807081
2017-08-28,0.15395780692947086
2017-08-29,0.16004569111776898
2017-08-30,0.15059105701961187
2017-08-31,0.14801021308146847
2017-09-01,0.1454370546082268
2017-09-04,0.1512333168964787
2017-09-05,0.15485366655600855
2017-09-06,0.15313271831370417
2017-09-07,0.15411377241734162
2017-09-08,0.15093906997213066
2017-09-11,0.15471907690053827
2017-09-12,0.15043512652683005
2017-09-13,0.1577738311501316
2017-09-14,0.1451323926054765
2017-09-15,0.1404363160426991
2017-09-18,0.14800846870629394
2017-09-19,0.13324061454475258
2017-09-20,0.12886554358715174
2017-09-21,0.14019911751064035
2017-09-22,0.13686921019244128
2017-09-25,0.13765423761031406
2017-09-26,0.13984790474894088
2017-09-27,0.12319776867807221
2017-09-28,0.10893156271965942
2017-09-29,0.11885709147683074
2017-10-09,0.11435696167215949
2017-10-10,0.11519790732434997
2017-10-11,0.11177027317071793
2017-10-12,0.11323394211120019
2017-10-13,0.11305834856486105
2017-10-16,0.11930103084290132
2017-10-17,0.11800971330747528
2017-10-18,0.09339906683636441
2017-10-19,0.09810336866361113
2017-10-20,0.10246802774692211
2017-10-23,0.1211727051211362
2017-10-24,0.11438686017547675
2017-10-25,0.11212729919516148
2017-10-26,0.11743185562378868
2017-10-27,0.10669900815945835
2017-10-30,0.11469251708846853
2017-10-31,0.10821276055826454
2017-11-01,0.11828352232932128
2017-11-02,0.10508723706723586
2017-11-03,0.10300482726849748
2017-11-06,0.1164084246946586
2017-11-07,0.10974345109355159
2017-11-08,0.11293679969073595
2017-11-09,0.11877240812753224
2017-11-10,0.11542348574502342
2017-11-13,0.12181698709966701
2017-11-14,0.1232000231075497
2017-11-15,0.1247395974871888
2017-11-16,0.13685899060940088
2017-11-17,0.13539079677294935
2017-11-20,0.14999417210967592
2017-11-21,0.1574504633649973
2017-11-22,0.18002947363741417
2017-11-23,0.17693433318859728
2017-11-24,0.1750367212333571
2017-11-27,0.18258538887456136
2017-11-28,0.17719933311614608
2017-11-29,0.18200299189162963
2017-11-30,0.19100049373364053
2017-12-01,0.20987556349886335
2017-12-04,0.1800640436072047
2017-12-05,0.17282385340848996
2017-12-06,0.18216665018355524
2017-12-07,0.17539989499877323
2017-12-08,0.1650440051161657
2017-12-11,0.16153839709311535
2017-12-12,0.1622109121832062
2017-12-13,0.16680225696329332
2017-12-14,0.15871044401976944
2017-12-15,0.15663504314674415
2017-12-18,0.16903816753686324
2017-12-19,0.16519772133235655
2017-12-20,0.16663075195403051
2017-12-21,0.15817188612142383
2017-12-22,0.16011407459120444
2017-12-25,0.17422626502248809
2017-12-26,0.16667094179459624
2017-12-27,0.18000571204180696
2017-12-28,0.1615200081490787
2017-12-29,0.14828309420652763
2018-01-02,0.14907619416185736
2018-01-03,0.14774706355420522
2018-01-04,0.14754516924168853
2018-01-05,0.14742037498662383
2018-01-08,0.14676079357183927
2018-01-09,0.14316665053180416
2018-01-10,0.1489568697817583
2018-01-11,0.15184282955661604
2018-01-12,0.14177230901800178
2018-01-15,0.16476751316216
2018-01-16,0.18033669481972298
2018-01-17,0.19779785149830453
2018-01-18,0.17810633591306763
2018-01-19,0.18030325533381583
2018-01-22,0.18416217479918004
2018-01-23,0.21761155724309542
2018-01-24,0.2310828481630752
2018-01-25,0.19088474517262174
2018-01-26,0.19372118219034543
2018-01-29,0.18074329522081437
2018-01-30,0.19426159205881033
2018-01-31,0.16774743831774916
2018-02-01,0.16521570444872938
2018-02-02,0.17341178126638307
2018-02-05,0.20548537572241168
2018-02-06,0.2214114577005712
2018-02-07,0.24355008188341778
2018-02-08,0.25913677043357775
2018-02-09,0.3535049042422194
2018-02-12,0.29592305970803534
2018-02-13,0.2864625630263061
2018-02-14,0.2817297150690728
2018-02-22,0.2702574630428158
2018-02-23,0.2410751448297628
2018-02-26,0.24626949099644066
2018-02-27,0.2581088673397615
2018-02-28,0.2622960879688166
2018-03-01,0.24444292809189322
2018-03-02,0.23737276259606907
2018-03-05,0.2230036504813424
2018-03-06,0.21983175553506137
2018-03-07,0.22119050466460694
2018-03-08,0.210495815406741
2018-03-09,0.20475871217185226
2018-03-12,0.21368012078741738
2018-03-13,0.21908660713176242
2018-03-14,0.21065579224096156
2018-03-15,0.205044561739764
2018-03-16,0.20826797884052745
2018-03-19,0.21903163211707358
2018-03-20,0.21553072667511025
2018-03-21,0.21377368433398244
2018-03-22,0.20853954607528827
2018-03-23,0.2560202618933998
2018-03-26,0.24984131700182302
2018-03-27,0.24141283818125367
2018-03-28,0.248332802548851
2018-03-29,0.2516149369392281
2018-03-30,0.24928525437862037
2018-04-02,0.2545766165252174
2018-04-03,0.2534689037093483
2018-04-04,0.25115112008307583
2018-04-09,0.2488830438848863
2018-04-10,0.2354824722503113
2018-04-11,0.24078030631204722
2018-04-12,0.24610039950016507
2018-04-13,0.246533091576071
2018-04-16,0.25449323916609856
2018-04-17,0.2579866473920566
2018-04-18,0.2514837727045157
2018-04-19,0.23775985028706006
2018-04-20,0.23234824408651214
2018-04-23,0.22752057601161182
2018-04-24,0.232127813902544
2018-04-25,0.22704787255656966
2018-04-26,0.2286466714201217
2018-04-27,0.23695730957962546
2018-05-02,0.25380636677991136
2018-05-03,0.25598919084419186
2018-05-04,0.26303481473582707
2018-05-07,0.26061548912926025
2018-05-08,0.24585220759862292
2018-05-09,0.2400138097572478
2018-05-10,0.22962770225555998
2018-05-11,0.22322811209562596
2018-05-14,0.21210733066641044
2018-05-15,0.20150211832210477
2018-05-16,0.206773723260809
2018-05-17,0.19060261070270668
2018-05-18,0.19691063796180924
2018-05-21,0.18223052459947434
2018-05-22,0.18278277946429455
2018-05-23,0.1937953389287616
2018-05-24,0.18341914246837493
2018-05-25,0.18174308519344676
2018-05-28,0.18746920087897048
2018-05-29,0.18622968282489086
2018-05-30,0.2139532941078955
2018-05-31,0.2027190762928441
2018-06-01,0.21335762207725384
2018-06-04,0.20329580395307084
2018-06-05,0.19073442096641588
2018-06-06,0.19864143027674785
2018-06-07,0.19093731336040787
2018-06-08,0.19372641871389093
2018-06-11,0.20121519603433402
2018-06-12,0.2012550332542831
2018-06-13,0.1958700745393687
2018-06-14,0.20221409838365517
2018-06-15,0.20767482647205535
2018-06-19,0.23843575817606302
2018-06-20,0.21317746569875026
2018-06-21,0.2125425271176896
2018-06-22,0.19768519670356596
2018-06-25,0.2086980426262676
2018-06-26,0.21416073895973853
2018-06-27,0.22940596862263757
2018-06-28,0.2444602328037623
2018-06-29,0.2280186789333096
2018-07-02,0.26073490126800447
2018-07-03,0.2622743132303368
2018-07-04,0.27510055082387763
2018-07-05,0.2773988458513887
2018-07-06,0.26221428493760546
2018-07-09,0.24530315551019644
2018-07-10,0.24437232533834008
2018-07-11,0.255037589791729
2018-07-12,0.23953800008180284
2018-07-13,0.2371973515663751
2018-07-16,0.2447015088247355
2018-07-17,0.23411688118570326
2018-07-18,0.2224056855016184
2018-07-19,0.21519929338756516
2018-07-20,0.22040353010704966
2018-07-23,0.2242960690496193
2018-07-24,0.2370750272342228
2018-07-25,0.2399796026685689
2018-07-26,0.23245470996118872
2018-07-27,0.2229571430480049
2018-07-30,0.2309617260756153
2018-07-31,0.23146007042245847
2018-08-01,0.2479195060593026
2018-08-02,0.25617042178055527
2018-08-03,0.25133498623198935
2018-08-06,0.2594022132844886
2018-08-07,0.25807394965402347
2018-08-08,0.26196208020411665
2018-08-09,0.2564623216558848
2018-08-10,0.24882068764908383
2018-08-13,0.2586017280867879
2018-08-14,0.2553074123204899
2018-08-15,0.2737974721428128
2018-08-16,0.2753391531508639
2018-08-17,0.2780046854902257
2018-08-20,0.2775968285385741
2018-08-21,0.25979801680164716
2018-08-22,0.2477327194463495
2018-08-23,0.2299288534234469
2018-08-24,0.2274904011297161
2018-08-27,0.2226108590608366
2018-08-28,0.22292213319532356
2018-08-29,0.2266114667450402
2018-08-30,0.23305781561809324
2018-08-31,0.2267732678115386
2018-09-03,0.23203347962617366
2018-09-04,0.22464445375291117
2018-09-05,0.2429878619649798
2018-09-06,0.23955087203612146
2018-09-07,0.2476995745009331
2018-09-10,0.24778574725683314
2018-09-11,0.24182882516430657
2018-09-12,0.25035599971609396
2018-09-13,0.2344179803592058
2018-09-14,0.22198100655823702
2018-09-17,0.21153209795075203
2018-09-18,0.20627628342940638
2018-09-19,0.1988709475020746
2018-09-20,0.19517060493220195
2018-09-21,0.19438949602919103
2018-09-25,0.20691234113717893
2018-09-26,0.22267083373741461
2018-09-27,0.2135427649886324
2018-09-28,0.21095879327614422
2018-10-08,0.2364994519221391
2018-10-09,0.23361846507487247
2018-10-10,0.23317524697252986
2018-10-11,0.2651454399213862
2018-10-12,0.2655910817055814
2018-10-15,0.2720834107176777
2018-10-16,0.26974153930235467
2018-10-17,0.2744682560105087
2018-10-18,0.2865312310907075
2018-10-19,0.26988553004782656
2018-10-22,0.2683170474498123
2018-10-23,0.28335312748276187
2018-10-24,0.2855265036142546
2018-10-25,0.2977795886036666
2018-10-26,0.3041134795709825
2018-10-29,0.3260807132130771
2018-10-30,0.32089469965915407
2018-10-31,0.3142560904046409
2018-11-01,0.3030577967960136
2018-11-02,0.2942995075477495
2018-11-05,0.3060058786495905
2018-11-06,0.31402433805950525
2018-11-07,0.31793262277221074
2018-11-08,0.3131563069034928
2018-11-09,0.31598679748190234
2018-11-12,0.3237603243554577
2018-11-13,0.31218340328932637
2018-11-14,0.30922153301256533
2018-11-15,0.29980117856862587
2018-11-16,0.29309478971276676
2018-11-19,0.2956044473153626
2018-11-20,0.27897275122556714
2018-11-21,0.2838335385307784
2018-11-22,0.28181349526204524
2018-11-23,0.26517729593150835
2018-11-26,0.2634344206687412
2018-11-27,0.26308417401415596
2018-11-28,0.24547290815781914
2018-11-29,0.24280839440886867
2018-11-30,0.256215935923114
2018-12-03,0.23134193706184075
2018-12-04,0.21680495753047077
2018-12-05,0.21664414976690127
2018-12-06,0.2170574846038963
2018-12-07,0.20783446723440333
2018-12-10,0.2063756506411635
2018-12-11,0.20820056010089166
2018-12-12,0.20719836292923177
2018-12-13,0.19398048087436526
2018-12-14,0.20200821111613168
2018-12-17,0.21064187429516665
2018-12-18,0.21247072057268643
2018-12-19,0.21613747102643818
2018-12-20,0.24573530078756092
2018-12-21,0.24064947775437573
2018-12-24,0.23321157154838057
2018-12-25,0.24230551565197858
2018-12-26,0.23992942437010595
2018-12-27,0.2367961317630595
2018-12-28,0.2356653554836262
2019-01-02,0.22435793984962296
2019-01-03,0.22182548287384157
2019-01-04,0.21459927785610095
2019-01-07,0.2181482738927249
2019-01-08,0.20830581893065123
2019-01-09,0.1964050641788166
2019-01-10,0.1944385606166638
2019-01-11,0.19182187243201845
2019-01-14,0.19184747071198274
2019-01-15,0.17875998898337442
2019-01-16,0.14893123967080202
2019-01-17,0.15826170547887805
2019-01-18,0.16462303429517416
2019-01-21,0.1865142297510142
2019-01-22,0.18524862513326742
2019-01-23,0.17244646288412033
2019-01-24,0.1482503513594759
2019-01-25,0.15247189779036632
2019-01-28,0.17016249198336608
2019-01-29,0.19449696228687577
2019-01-30,0.1955165330161859
2019-01-31,0.18646751342268827
2019-02-01,0.1986427336841514
2019-02-11,0.19228336242385136
2019-02-12,0.1893763845090596
2019-02-13,0.2039881073616064
2019-02-14,0.21545450121209597
2019-02-15,0.20666579688459868
2019-02-18,0.22066963353349625
2019-02-19,0.2295525137784162
2019-02-20,0.24339565005555128
2019-02-21,0.23607906825588712
2019-02-22,0.22980459128578273
2019-02-25,0.2686812561104176
2019-02-26,0.315479634324203
2019-02-27,0.30956379945929036
2019-02-28,0.2861366523677384
2019-03-01,0.27521924572840917
2019-03-04,0.29948091278570205
2019-03-05,0.3082978337610814
2019-03-06,0.31825568776714885
2019-03-07,0.33103402534389625
2019-03-08,0.3351407387546979
2019-03-11,0.3031715630916297
2019-03-12,0.3034063017060203
2019-03-13,0.30313278219819056
2019-03-14,0.29169087670709415
2019-03-15,0.27643625710465447
2019-03-18,0.2832155188356762
2019-03-19,0.29037784553787
2019-03-20,0.29414732127730003
2019-03-21,0.307710383601484
2019-03-22,0.30048243917561673
2019-03-25,0.27393347683103486
2019-03-26,0.2581305346509817
2019-03-27,0.2497064906146913
2019-03-28,0.23570157856811758
2019-03-29,0.24620257945324012
2019-04-01,0.26720618117291667
2019-04-02,0.28792763019226714
2019-04-03,0.27932888199792216
2019-04-04,0.30353064325788365
2019-04-08,0.3231759812244947
2019-04-09,0.30361630475336
2019-04-10,0.30545779438005943
2019-04-11,0.3046742003517066
2019-04-12,0.27900739638767014
2019-04-15,0.2796952532969063
2019-04-16,0.2769065135033661
2019-04-17,0.28906992224810724
2019-04-18,0.29485310310025925
2019-04-19,0.2827188063513287
2019-04-22,0.29602770087494423
2019-04-23,0.2775887758206345
2019-04-24,0.27163192536693204
2019-04-25,0.2701832183993359
2019-04-26,0.26552256438157257
2019-04-29,0.25880833602719394
2019-04-30,0.2601479168504951
2019-05-06,0.29740928176452397
2019-05-07,0.267595119768709
2019-05-08,0.27422705939596426
2019-05-09,0.2936874933891318
2019-05-10,0.29413985707519935
2019-05-13,0.2827054588099425
2019-05-14,0.2706398732648239
2019-05-15,0.26072120801563053
2019-05-16,0.24831736081184982
2019-05-17,0.2490783840845962
2019-05-20,0.238524597054106
2019-05-21,0.23232652509352555
2019-05-22,0.21927583653035113
2019-05-23,0.23273679164564678
2019-05-24,0.22764862764744098
2019-05-27,0.23577040722269002
2019-05-28,0.22669658434463122
2019-05-29,0.21673053510752135
2019-05-30,0.22345969586163908
2019-05-31,0.2254916180442087
2019-06-03,0.23383247664611087
2019-06-04,0.23423914015787234
2019-06-05,0.23011000000962772
2019-06-06,0.22888760215056983
2019-06-10,0.22525090078623242
2019-06-11,0.2061853603363837
2019-06-12,0.2108605362705956
2019-06-13,0.21116462267462632
2019-06-14,0.21499511334846133
2019-06-17,0.20552062838186033
2019-06-18,0.19839949804731333
2019-06-19,0.18018304883810882
2019-06-20,0.2179594025428434
2019-06-21,0.2518058318185355
2019-06-24,0.26144336516370675
2019-06-25,0.2639880385725138
2019-06-26,0.26300702930189607
2019-06-27,0.264288997108633
2019-06-28,0.2744292837222669
2019-07-01,0.2505773944483144
2019-07-02,0.24515378088149736
2019-07-03,0.24065028339992095
2019-07-04,0.23561034430999392
2019-07-05,0.24248391758828575
2019-07-08,0.23325241172208325
2019-07-09,0.22035197699830433
2019-07-10,0.220662811991464
2019-07-11,0.2254086726030752
2019-07-12,0.22601425017185817
2019-07-15,0.2275168109944946
2019-07-16,0.23004065381580166
2019-07-17,0.20285050939408442
2019-07-18,0.20245730160935668
2019-07-19,0.2211570152524964
2019-07-22,0.2109924320192729
2019-07-23,0.20185530000133312
2019-07-24,0.1916785167666661
2019-07-25,0.1838734439188084
2019-07-26,0.1889398138254535
2019-07-29,0.1968031911730678
2019-07-30,0.20319839978533266
2019-07-31,0.2009361165558376
2019-08-01,0.18587545845156303
2019-08-02,0.19305937666049333
2019-08-05,0.2096510253880762
2019-08-06,0.2212182819282656
2019-08-07,0.2169546655564454
2019-08-08,0.20822816601492572
2019-08-09,0.2022754958141832
2019-08-12,0.20957968715484931
2019-08-13,0.2068627348931363
2019-08-14,0.2055465624278238
2019-08-15,0.20559741933539635
2019-08-16,0.20428793332891446
2019-08-19,0.21058005831422996
2019-08-20,0.208956979387576
2019-08-21,0.2015770810341501
2019-08-22,0.20027100499731224
2019-08-23,0.20258323465021624
2019-08-26,0.2136734771906238
2019-08-27,0.2059181155325213
2019-08-28,0.20042481719868854
2019-08-29,0.2020427302325508
2019-08-30,0.19211023429896393
2019-09-02,0.18810687574092896
2019-09-03,0.18768477523263974
2019-09-04,0.1793576308889055
2019-09-05,0.1879196292908182
2019-09-06,0.19488858068430304
2019-09-09,0.20412535906723345
2019-09-10,0.19823291053828143
2019-09-11,0.19713145533927626
2019-09-12,0.1997758897258186
2019-09-16,0.19013514716137914
2019-09-17,0.19004593482266574
2019-09-18,0.17334341169033116
2019-09-19,0.17260408433279925
2019-09-20,0.16539088576072486
2019-09-23,0.17510867331547453
2019-09-24,0.17422134995284982
2019-09-25,0.17317992369922133
2019-09-26,0.1732291355014343
2019-09-27,0.17891107826773228
2019-09-30,0.1847076882700828
2019-10-08,0.1627978765637177
2019-10-09,0.15510923384376238
2019-10-10,0.16104318942923718
2019-10-11,0.1600675366609768
2019-10-14,0.1622154240322202
2019-10-15,0.16056114116020268
2019-10-16,0.13469180904719355
2019-10-17,0.14910654503729098
2019-10-18,0.13824624155084467
2019-10-21,0.13633018283359782
2019-10-22,0.13463929228579136
2019-10-23,0.1542071506090264
2019-10-24,0.13693897982509004
2019-10-25,0.13371452871963319
2019-10-28,0.13909783014283533
2019-10-29,0.1399373829867038
2019-10-30,0.14521067966729817
2019-10-31,0.14570492978543817
2019-11-01,0.15012838862125016
2019-11-04,0.16089386127922542
2019-11-05,0.18117108573492952
2019-11-06,0.17188716319606367
2019-11-07,0.17511647586120696
2019-11-08,0.1626201966845257
2019-11-11,0.1532945770685009
2019-11-12,0.1483068383052717
2019-11-13,0.15062704971197707
2019-11-14,0.1536034706577614
2019-11-15,0.1537953013244975
2019-11-18,0.14778118940818807
2019-11-19,0.14581432467804928
2019-11-20,0.13704305417259913
2019-11-21,0.14223188515137225
2019-11-22,0.14763161047681042
2019-11-25,0.15781740798797508
2019-11-26,0.15397879175522342
2019-11-27,0.15009480068643155
2019-11-28,0.13992628322849915
2019-11-29,0.15239545481302036
2019-12-02,0.13569580772815343
2019-12-03,0.13301708755372302
2019-12-04,0.13328667865153346
2019-12-05,0.12993542244756365
2019-12-06,0.134059959295825
2019-12-09,0.13291997937102962
2019-12-10,0.1346216116099006
2019-12-11,0.12451535852302088
2019-12-12,0.13556898040557033
2019-12-13,0.14005062014626887
2019-12-16,0.13790709183334046
2019-12-17,0.1459193566541566
2019-12-18,0.14989453591498372
2019-12-19,0.15320954098798847
2019-12-20,0.14794268182309553
2019-12-23,0.15212265090911928
2019-12-24,0.13601955489515852
2019-12-25,0.14577992396686407
2019-12-26,0.13316763390016945
2019-12-27,0.13925820846515477
2019-12-30,0.15233264649560585
2019-12-31,0.1592949365083166
2020-01-02,0.1601554786875608
2020-01-03,0.16469478903231025
2020-01-06,0.16453416475300575
2020-01-07,0.17250136486573187
2020-01-08,0.1667306358189727
2020-01-09,0.165329745156959
2020-01-10,0.16493105664109348
2020-01-13,0.15373052186586503
2020-01-14,0.17023561123621936
2020-01-15,0.14189605645504952
2020-01-16,0.13369688890973785
2020-01-17,0.1338081078861143
2020-01-20,0.15699529385687316
2020-01-21,0.14988956012997487
2020-01-22,0.1403896067842077
2020-01-23,0.16842015361753754
2020-02-04,0.23422828525785572
2020-02-05,0.21275551360290387
2020-02-06,0.2134095982533282
2020-02-07,0.226666340616401
2020-02-10,0.22004148563358406
2020-02-11,0.19996386614791473
2020-02-12,0.19265391079660146
2020-02-13,0.1963184330649918
2020-02-14,0.19070718338449758
2020-02-17,0.19374768880523777
2020-02-18,0.19057093184803342
2020-02-19,0.19403806218888003
2020-02-20,0.19573843116878237
2020-02-21,0.2079207011162321
2020-02-24,0.2277785336515143
2020-02-25,0.23175378656141513
2020-02-26,0.23845418912944175
2020-02-27,0.20436228967304654
2020-02-28,0.23604218345933994
2020-03-02,0.21923851532259203
2020-03-03,0.207292340240776
2020-03-04,0.21495637056380854
2020-03-05,0.2146936455098822
2020-03-06,0.22832019943788143
2020-03-09,0.2798990066693944
2020-03-10,0.27527843480431546
2020-03-11,0.2751446064981291
2020-03-12,0.30378760215966805
2020-03-13,0.34818663163223906
2020-03-16,0.34632836462798305
2020-03-17,0.379325437863069
2020-03-18,0.3235738900033588
2020-03-19,0.3557645873118391
2020-03-20,0.3339228862069411
2020-03-23,0.3644986371756151
2020-03-24,0.34387683689554466
2020-03-25,0.3361377002905582
2020-03-26,0.32454361865107323
2020-03-27,0.32787556464783385
2020-03-30,0.31686231039418244
2020-03-31,0.2927528861742173
2020-04-01,0.2754300173954664
2020-04-02,0.26624376928265103
2020-04-03,0.27571727731268064
2020-04-07,0.25251230642413014
2020-04-08,0.23819900455820053
2020-04-09,0.22787403028230108
2020-04-10,0.22024121734589422
2020-04-13,0.2035728350930304
2020-04-14,0.20111929270873813
2020-04-15,0.18543674829950998
2020-04-16,0.18514475458541996
2020-04-17,0.18126398065313887
2020-04-20,0.1949948121925336
2020-04-21,0.20016592827163707
2020-04-22,0.1915557461380151
2020-04-23,0.1865962953301883
2020-04-24,0.19757774920951504
2020-04-27,0.18353687420550235
2020-04-28,0.1894625830584127
2020-04-29,0.19306766677135803
2020-04-30,0.21571393740832018
2020-05-06,0.20830957742131476
2020-05-07,0.1961126038631159
2020-05-08,0.19560746519625014
2020-05-11,0.19383211377009182
2020-05-12,0.1983795794568116
2020-05-13,0.19301249115385308
2020-05-14,0.19038664259284696
2020-05-15,0.19184780262804596
2020-05-18,0.1833315337448833
2020-05-19,0.18206633596439808
2020-05-20,0.1849893398573261
2020-05-21,0.18860610993442403
2020-05-22,0.21812875924383288
2020-05-25,0.19334351975319528
2020-05-26,0.19231402111355966
2020-05-27,0.19734737152859347
2020-05-28,0.1961976168419999
2020-05-29,0.19758292139733807
2020-06-01,0.18260466209665902
2020-06-02,0.17581053051331227
2020-06-03,0.17938297770966213
2020-06-04,0.1807231531088013
2020-06-05,0.17681120095277322
2020-06-08,0.17800131513427866
2020-06-09,0.1757222259311935
2020-06-10,0.18489671654018944
2020-06-11,0.18314652598591522
2020-06-12,0.1785496951707221
2020-06-15,0.19205227332956792
2020-06-16,0.17453596997099563
2020-06-17,0.17340026167070163
2020-06-18,0.17773396978461425
2020-06-19,0.18208318161100173
2020-06-22,0.19681162599138807
2020-06-23,0.20018742804799744
2020-06-24,0.2039770495443873
2020-06-29,0.1836718588039576
2020-06-30,0.1796031552884302
2020-07-01,0.1828496815392076
2020-07-02,0.2212913730243892
2020-07-03,0.26136642403182286
2020-07-06,0.3241183538827232
2020-07-07,0.31754340955952387
2020-07-08,0.3334812673306968
2020-07-09,0.33471848879922533
2020-07-10,0.3308030493509245
2020-07-13,0.2888314618148648
2020-07-14,0.30399766201970746
2020-07-15,0.3023168563177435
2020-07-16,0.33060961981533976
2020-07-17,0.27996874294584634
2020-07-20,0.2851110246691563
2020-07-21,0.26752949273219606
2020-07-22,0.26300394834953716
2020-07-23,0.27389468137896966
2020-07-24,0.3071394026299415
2020-07-27,0.29005886667889696
2020-07-28,0.2843085779273158
2020-07-29,0.30927421695543156
2020-07-30,0.3038186914452356
2020-07-31,0.31750325849556904
2020-08-03,0.31147575533634575
2020-08-04,0.31224950850381544
2020-08-05,0.30849561540661136
2020-08-06,0.30960155767361464
2020-08-07,0.3100683352392392
2020-08-10,0.3009290771651493
2020-08-11,0.3037501105439212
2020-08-12,0.30424209614825776
2020-08-13,0.2960836370573937
2020-08-14,0.2772762636724629
2020-08-17,0.30531487585866296
2020-08-18,0.302588398781768
2020-08-19,0.30300331673921344
2020-08-20,0.2928575769253036
2020-08-21,0.29047201278687496
2020-08-24,0.27804357866803714
2020-08-25,0.27627728029786025
2020-08-26,0.280564463877931
2020-08-27,0.2597820655784016
2020-08-28,0.2634961370727667
2020-08-31,0.274221592616004
2020-09-01,0.260959852144851
2020-09-02,0.2822794313869491
2020-09-03,0.2794635158809825
2020-09-04,0.2673837570199404
2020-09-07,0.28421662890573013
2020-09-08,0.2613672628780125
2020-09-09,0.28249975397764704
2020-09-10,0.2723862448499449
2020-09-11,0.24085081355111193
2020-09-14,0.22710508841384489
2020-09-15,0.22631174943620266
2020-09-16,0.19902946881956063
2020-09-17,0.23466639643206358
2020-09-18,0.21886357035887147
2020-09-21,0.2333610866520416
2020-09-22,0.22833386485202456
2020-09-23,0.22232532716874864
2020-09-24,0.24991218792522843
2020-09-25,0.26012242548937425
2020-09-28,0.2586041206958718
2020-09-29,0.2713789686633854
2020-09-30,0.28319148153887747
2020-10-09,0.22247953909262114
2020-10-12,0.24067131420662682
2020-10-13,0.23889496383525255
2020-10-14,0.23147643692183617
2020-10-15,0.23621315308105342
2020-10-16,0.23458122136689155
2020-10-19,0.22775586241960183
2020-10-20,0.22079422759227813
2020-10-21,0.21505529733281112
2020-10-22,0.2145292021948933
2020-10-23,0.22239784886295133
2020-10-26,0.23233262259252885
2020-10-27,0.23247493477333211
2020-10-28,0.23477579161465398
2020-10-29,0.24066450077225862
2020-10-30,0.2331726591921627
2020-11-02,0.2413353317428943
2020-11-03,0.24542601569356956
2020-11-04,0.2389348251459872
2020-11-05,0.21977975909204633
2020-11-06,0.217501625242051
2020-11-09,0.2361361704036699
2020-11-10,0.2325875788294587
2020-11-11,0.22763464148419316
2020-11-12,0.217889426546655
2020-11-13,0.2291235231651609
2020-11-16,0.2083749238902897
2020-11-17,0.20527479097911644
2020-11-18,0.2143554975968889
2020-11-19,0.2241656196415602
2020-11-20,0.21390936322010676
2020-11-23,0.2183494705745585
2020-11-24,0.21343276528235003
2020-11-25,0.2176891946516913
2020-11-26,0.20017428979899832
2020-11-27,0.2087331882767405
2020-11-30,0.20633915184890456
2020-12-01,0.22835455889045977
2020-12-02,0.2349877969871705
2020-12-03,0.23566539662277805
2020-12-04,0.22401248587435046
2020-12-07,0.21295779206014515
2020-12-08,0.20219468906267038
2020-12-09,0.19863675224160168
2020-12-10,0.18703255326098658
2020-12-11,0.19356413026013053
2020-12-14,0.18542687398851565
2020-12-15,0.18487174357234948
2020-12-16,0.1857516936013352
2020-12-17,0.18371200340717486
2020-12-18,0.17614210022164775
2020-12-21,0.193277534250315
2020-12-22,0.1895764378952473
2020-12-23,0.1954816890491953
2020-12-24,0.190802577104715
2020-12-25,0.18132989343316142
2020-12-28,0.1856963362732506
2020-12-29,0.18888416563445135
2020-12-30,0.18957877129820014
2020-12-31,0.20229140948443114
2021-01-04,0.20775953892265123
2021-01-05,0.2073829073554076
2021-01-06,0.22179001885935473
2021-01-07,0.25296028521543595
2021-01-08,0.2603083940625187
2021-01-11,0.23408751234950015
2021-01-12,0.24384203436394578
2021-01-13,0.24717029797053733
2021-01-14,0.2371964656747597
2021-01-15,0.21914956467721158
2021-01-18,0.2243404349568178
2021-01-19,0.22651597447486635
2021-01-20,0.22213054143982253
2021-01-21,0.23551418911911656
2021-01-22,0.22288727914193404
2021-01-25,0.24395858954966188
2021-01-26,0.23063641061825077
2021-01-27,0.22544243036419673
2021-01-28,0.24037461006778915
2021-01-29,0.241628344897261
2021-02-01,0.24609798494490095
2021-02-02,0.22982801847158582
2021-02-03,0.22077886736769287
2021-02-04,0.23561030579782902
2021-02-05,0.23055905959798906
2021-02-08,0.23647310263115665
2021-02-09,0.22902312274615919
2021-02-10,0.24325262332283792
2021-02-18,0.26140037163261576
2021-02-19,0.23933558664586146
2021-02-22,0.2424698342794993
2021-02-23,0.23805798137953468
2021-02-24,0.24823702586086863
2021-02-25,0.23076793238810311
2021-02-26,0.2551545367985084
2021-03-01,0.24136277772596515
2021-03-02,0.23218459731617822
2021-03-03,0.23457101494502047
2021-03-04,0.24809763908985888
2021-03-05,0.26020887689518685
2021-03-08,0.26956153286739765
2021-03-09,0.26563879029272436
2021-03-10,0.2577078948960977
2021-03-11,0.23831950684582895
2021-03-12,0.22430006862044194
2021-03-15,0.23258858248982045
2021-03-16,0.23043629571564733
2021-03-17,0.2254478458062154
2021-03-18,0.2293354089953471
2021-03-19,0.24066518577786208
2021-03-22,0.219743455399367
2021-03-23,0.23693038205672773
2021-03-24,0.22031884309335908
2021-03-25,0.21230210044189685
2021-03-26,0.19915761322448214
2021-03-29,0.19893806375006767
2021-03-30,0.20025080616354796
2021-03-31,0.19553076464792316
2021-04-01,0.19477879221631464
2021-04-02,0.21049867328923122
2021-04-06,0.19833865363272607
2021-04-07,0.18549335660332433
2021-04-08,0.18481572188536277
2021-04-09,0.20479925706933785
2021-04-12,0.1981733164915575
2021-04-13,0.193936686491929
2021-04-14,0.19423296594417788
2021-04-15,0.1893029729638819
2021-04-16,0.18754779903440325
2021-04-19,0.1933831486706758
2021-04-20,0.21867883965851936
2021-04-21,0.22065829429749992
2021-04-22,0.20480302539562972
2021-04-23,0.19212041574807096
2021-04-26,0.2046061571263076
2021-04-27,0.20610923513256102
2021-04-28,0.2039709195355138
2021-04-29,0.19461374121152736
2021-04-30,0.20630751816021192
2021-05-06,0.19407399868073766
2021-05-07,0.19268491610033192
2021-05-10,0.1926298100334286
2021-05-11,0.19227439450618874
2021-05-12,0.19623981855772477
2021-05-13,0.1941436707427808
2021-05-14,0.19823166950080132
2021-05-17,0.20726557256568345
2021-05-18,0.20390714847969546
2021-05-19,0.1944371666825167
2021-05-20,0.1955192514888344
2021-05-21,0.19280601252099336
2021-05-24,0.1978445088489005
2021-05-25,0.21905604165438344
2021-05-26,0.21395511455000235
2021-05-27,0.22524594310213622
2021-05-28,0.2220726629281422
2021-05-31,0.2277217535169702
2021-06-01,0.22841064733302222
2021-06-02,0.20992003740300386
2021-06-03,0.20512151181444432
2021-06-04,0.2033441379194424
2021-06-07,0.20983005910614708
2021-06-08,0.22266571575702795
2021-06-09,0.21875784150425984
2021-06-10,0.19812455718124894
2021-06-11,0.20860599421798243
2021-06-15,0.19707594250859242
2021-06-16,0.19976869353440932
2021-06-17,0.21406330707872023
2021-06-18,0.20303798063550935
2021-06-21,0.2046018638423066
2021-06-22,0.20973802488451365
2021-06-23,0.19930366172576416
2021-06-24,0.17780969046074402
2021-06-25,0.18257065196370412
2021-06-28,0.18111421502328565
2021-06-29,0.17863253630813278
2021-06-30,0.18304475248537727
2021-07-01,0.18083674407008862
2021-07-02,0.1865061705825645
2021-07-05,0.17913576427446934
2021-07-06,0.17809970658027044
2021-07-07,0.1774097615293186
2021-07-08,0.18341165478857638
2021-07-09,0.2068753100538444
2021-07-12,0.1861231525880464
2021-07-13,0.18293674993425593
2021-07-14,0.19912234821231142
2021-07-15,0.1828718937542199
2021-07-16,0.18165929183519042
2021-07-19,0.1821390319162715
2021-07-20,0.1863309549217682
2021-07-21,0.17690288691934397
2021-07-22,0.1783329142671268
2021-07-23,0.1774778200109992
2021-07-26,0.22543707389387715
2021-07-27,0.24678956208662287
2021-07-28,0.24657941005155548
2021-07-29,0.2050705723309411
2021-07-30,0.20918402770944597
2021-08-02,0.20076772308475652
2021-08-03,0.19732613333288448
2021-08-04,0.19609083669092395
2021-08-05,0.190730973175951
2021-08-06,0.18503707728672225
2021-08-09,0.18949743497820823
2021-08-10,0.19267733303547618
2021-08-11,0.20453623797500903
2021-08-12,0.19203359152977179
2021-08-13,0.18876956219794366
2021-08-16,0.19592223770979506
2021-08-17,0.2216298705935065
2021-08-18,0.1917227804318635
2021-08-19,0.2123095558857796
2021-08-20,0.21791142185761952
2021-08-23,0.20889294253333845
2021-08-24,0.2187684814364965
2021-08-25,0.2175254095768652
2021-08-26,0.19890163022130197
2021-08-27,0.20265428452537576
2021-08-30,0.20657960757263474
2021-08-31,0.20227640308262138
2021-09-01,0.2067566783430504
2021-09-02,0.21131014487236036
2021-09-03,0.20769743072328822
2021-09-06,0.2094290764852116
2021-09-07,0.22762437184837309
2021-09-08,0.21353022825211243
2021-09-09,0.20971377827829993
2021-09-10,0.2320573637555515
2021-09-13,0.22886955763797473
2021-09-14,0.20407261448588956
2021-09-15,0.23598118811205432
2021-09-16,0.22903652369452768
2021-09-17,0.19438672939497434
2021-09-22,0.22389900976201618
2021-09-23,0.21910793824290503
2021-09-24,0.22236466456243015
2021-09-27,0.20175965762559753
2021-09-28,0.2066215521636654
2021-09-29,0.21437842290394277
2021-09-30,0.21015418093580965
2021-10-08,0.21204680241032156
2021-10-11,0.19052776963256585
2021-10-12,0.2036471927514425
2021-10-13,0.18947370276514602
2021-10-14,0.18795971376042958
2021-10-15,0.18596939356080505
2021-10-18,0.20872325940646438
2021-10-19,0.21387029125139442
2021-10-20,0.1807816762876468
2021-10-21,0.1816224344602095
2021-10-22,0.19137534353328953
2021-10-25,0.2000826518444704
2021-10-26,0.19156347973181384
2021-10-27,0.2177809304253305
2021-10-28,0.21789791561536356
2021-10-29,0.18709565391833635
2021-11-01,0.2157188991938968
2021-11-02,0.20685197138357359
2021-11-03,0.20361399175152356
2021-11-04,0.1966034381753568
2021-11-05,0.19439476602627112
2021-11-08,0.19855323699449742
2021-11-09,0.1975597908563581
2021-11-10,0.19639019400860758
2021-11-11,0.21266618730450554
2021-11-12,0.20302714084749085
2021-11-15,0.20860032497893513
2021-11-16,0.20485777821932818
2021-11-17,0.19542517858955719
2021-11-18,0.1894650263659319
2021-11-19,0.1929734496092569
2021-11-22,0.19018116225111192
2021-11-23,0.19401574355181722
2021-11-24,0.19914061266475316
2021-11-25,0.17962010152917965
2021-11-26,0.1684805004432573
2021-11-29,0.17452326236860155
2021-11-30,0.17113743945777352
2021-12-01,0.16938202525848
2021-12-02,0.1660243044989124
2021-12-03,0.1561761368520163
2021-12-06,0.16246764029069602
2021-12-07,0.16654658607268877
2021-12-08,0.17234100739397457
2021-12-09,0.1808554901292434
2021-12-10,0.17934057959072247
2021-12-13,0.17892122874123068
2021-12-14,0.18173644351858428
2021-12-15,0.16431773743840836
2021-12-16,0.1671088721458078
2021-12-17,0.16894076662832044
2021-12-20,0.17559363430477767
2021-12-21,0.16999788513268554
2021-12-22,0.16528708314118762
2021-12-23,0.162044860428947
2021-12-24,0.157928887818392
2021-12-27,0.16675150019698115
2021-12-28,0.16331122642489337
2021-12-29,0.18391171178558038
2021-12-30,0.17277592870293731
2021-12-31,0.17608370583330976
2022-01-04,0.1878914084693748
2022-01-05,0.18998824390425428
2022-01-06,0.18470947309257024
2022-01-07,0.1758787428705675
2022-01-10,0.17798319808843116
2022-01-11,0.17768405234152068
2022-01-12,0.17274807334121195
2022-01-13,0.19664316490176148
2022-01-14,0.18668483495794536
2022-01-17,0.18257654062148654
2022-01-18,0.19093961106418356
2022-01-19,0.19893287259048842
2022-01-20,0.17328366972348247
2022-01-21,0.17334348239062158
2022-01-24,0.18745904905380248
2022-01-25,0.20734872042412408
2022-01-26,0.20251371194006235
2022-01-27,0.20089994058356622
2022-01-28,0.22874168178114107
2022-02-07,0.21053438738787134
2022-02-08,0.1838893184699037
2022-02-09,0.17766995651008788
2022-02-10,0.17403667941217865
2022-02-11,0.17032446520653838
2022-02-14,0.1891540696894087
2022-02-15,0.17678024918546825
2022-02-16,0.16784123401363682
2022-02-17,0.16828361378116835
2022-02-18,0.17521341557687153
2022-02-21,0.17049733600338032
2022-02-22,0.17796310347165153
2022-02-23,0.16608931264857726
2022-02-24,0.18908547230569825
2022-02-25,0.17504184262928418
2022-02-28,0.18062614049018474
2022-03-01,0.1651888054624535
2022-03-02,0.16949525609563718
2022-03-03,0.17933566037882964
2022-03-04,0.17761866915957936
2022-03-07,0.19890993310270114
2022-03-08,0.21524235091481325
2022-03-09,0.24178015040811995
2022-03-10,0.21136653289465235
2022-03-11,0.22137191872650477
2022-03-14,0.2505095135771923
2022-03-16,0.2807698854172326
2022-03-17,0.25577152294076066
2022-03-18,0.2491225474491976
2022-03-21,0.23703807266054155
2022-03-22,0.22402241599727846
2022-03-23,0.2085870471884686
2022-03-24,0.19868526277154136
2022-03-25,0.21774485801364687
2022-03-28,0.225861987111112
2022-03-29,0.2247000333124443
2022-03-30,0.20756554319089268
